{"cameraMode":{"drawMode":0,"name":"Shaded","section":"Shading Mode"},"sceneLighting":true,"audioPlay":false,"sceneViewState":{"showFog":true,"showMaterialUpdate":true,"showSkybox":true,"showFlares":true,"showImageEffects":true,"showParticleSystems":true},"in2DMode":false,"pivot":{"x":-0.13918852806091309,"y":6.483745098114014,"z":4.139562129974365},"rotation":{"x":0.18509438633918763,"y":0.24474486708641053,"z":-0.04765370115637779,"w":0.9505833983421326},"size":4.257938861846924,"orthographic":false}